{
  "IcoMoonType": "selection",
  "icons": [
    {
      "icon": {
        "paths": [
          "M160 64c-35.346 0-64 28.654-64 64v0 64c0 35.346 28.654 64 64 64v0h32v576c0 70.692 57.308 128 128 128v0h384c70.692 0 128-57.308 128-128v0-576h32c35.346 0 64-28.654 64-64v0-64c0-35.346-28.654-64-64-64v0h-224c0-35.346-28.654-64-64-64v0h-128c-35.346 0-64 28.654-64 64v0h-224zM352 320c17.673 0 32 14.327 32 32v0 448c0 17.673-14.327 32-32 32s-32-14.327-32-32v0-448c0-17.673 14.327-32 32-32v0zM512 320c17.673 0 32 14.327 32 32v0 448c0 17.673-14.327 32-32 32s-32-14.327-32-32v0-448c0-17.673 14.327-32 32-32v0zM704 352v448c0 17.673-14.327 32-32 32s-32-14.327-32-32v0-448c0-17.673 14.327-32 32-32s32 14.327 32 32v0z"
        ],
        "attrs": [
          {}
        ],
        "isMulticolor": false,
        "isMulticolor2": false,
        "grid": 16,
        "tags": [
          "trash-fill"
        ]
      },
      "attrs": [
        {}
      ],
      "properties": {
        "order": 2,
        "id": 492,
        "name": "trash-fill",
        "prevSize": 32
      },
      "setIdx": 0,
      "setId": 1,
      "iconIdx": 0
    }
  ],
  "height": 1024,
  "preferences": {
    "showGlyphs": true,
    "showQuickUse": true,
    "showQuickUse2": true,
    "showSVGs": true,
    "fontPref": {
      "prefix": "icon-",
      "metadata": {
        "fontFamily": "icomoon"
      },
      "metrics": {
        "emSize": 1024,
        "baseline": 6.25,
        "whitespace": 50
      },
      "embed": false
    },
    "imagePref": {
      "prefix": "icon-",
      "png": false,
      "useClassSelector": true,
      "color": 0,
      "bgColor": 16777215,
      "classSelector": ".icon",
      "name": "svg-sprite",
      "height": 32,
      "columns": 16,
      "margin": 16
    },
    "historySize": 50,
    "showCodes": true,
    "gridSize": 16
  }
}